[
	{
		"id": 1,
		"name":"Lorem ipsum dolor sit amet",
		"video":"https://www.youtube.com/embed/5FbyD_UPhFQ?autoplay=1",
		"image": "images/b1.jpg"
	},
	{
		"id": 2,
		"name":"Consectetur adipisicing elit",
		"video":"https://www.youtube.com/embed/WMZ7lWKQoeA?autoplay=1",
		"image": "images/b2.jpg"
	},
	{
		"id": 3,
		"name":"Ipsum numquam modi doloremque",
		"video":"https://www.youtube.com/embed/LspVyUMSvp8?autoplay=1",
		"image": "images/b3.jpg"
	},
	{
		"id": 4,
		"name":"Ipsum numquam modi doloremque",
		"video":"https://www.youtube.com/embed/ODFuG6xWB64?autoplay=1",
		"image": "images/b4.jpg"
	}
	
]